Reference, Quantity, Value, Footprint, Datasheet, Code  JEDEC, Component Link 1 Description, Component Link 1 URL, Component Link 2 Description, Component Link 2 URL, Component Link 3 Description, Component Link 3 URL, Datasheet Version, Package Description, Package Version, category, ciiva ids, imported, library id, manufacturer, package, release date, vault revision, automotive, capacitance, device class L1, device class L2, device class L3, digikey description, digikey part number, footprint url, height, lead free, material, mouser description, mouser part number, rohs, temperature characteristic, temperature coefficient, temperature range high, temperature range low, tolerance, voltage, voltage rating, Capacitance, Frequency, automotive grade, ipc land pattern name, approved alternate part number, composition, power, power rating, resistance, series, standoff height, colour, forward current, forward voltage, led orientation, luminous intensity, peak emmision wavelength, power dissipation, reverse voltage, viewing angle, wavelength, Mounting Technology, Orientation, Pitch, Temperature Range, Configuration, Current, IFSM Max A, Packing, Reverse Breakdown Voltage, trr Max ns, ambient temperature range high, ambient temperature range low, function, interface, max supply voltage, min supply voltage, nominal supply current, contact material, current rating, is connector, is female, number of contacts, pitch, shielding, usb standard, Case Package, Color, Height, Interface, Length, Max Operating Temperature, Max Supply Voltage, Min Operating Temperature, Min Supply Voltage, Mount, Nominal Supply Voltage, Packaging, Pins, REACH SVHC, Ro HSCompliant, Width, contact current rating, contact resistance, electromechanical life, mount, operating force, throw configuration, voltage rating DC, continuous drain current, depletion mode, drain to source breakdown voltage, drain to source resistance, drain to source voltage, gate charge at vgs, gate to source voltage, input capacitace at vds, max forward diode voltage, max junction temp, number of N channels, number of channels, pulse drain current, rthja max, threshold vgs max, threshold vgs min, transconductance, turn off delay time, turn on delay time, typ forward diode voltage, number of outputs, output current, data rate, max frequency, Inductance, Package, Self Resonance, max repetitive reverse voltage, max surge forward current, peak reverse current, Code  IPC, Output Format, Output Frequency MHz, Reference Inputs, Sub  Family, VDD, frequency, operating supply current, sensing distance, sensing method, sensor output, Comp Type, Package Top Marking, Pin Count, Power Wise
C2 C1 C3 C7 C39 C13 C12 C43 C42 C74 C73 C105 C104 C136 C135 C167 C166 C198 C197 C229 C228 C260 C259 C291 C290 C10 C9 C330 C321 C327 C322 ,31,"CC0603KPX7R9BB104","project:YAGEO-CC0603-0-0-0","http://www.yageo.com/documents/recent/UPY-GPHC_X7R_6.3V-to-50V_18.pdf","","","","","","","","","","","Cap","","","7cd692b09ff39865","YAGEO","0603","","","No","100 nF","Passive Components","Capacitors","Ceramic Capacitors","CAP CER 0.1UF 50V X7R 0603","CC0603KPX7R9BB104-ND","http://www.yageo.com/exep/pages/download/literatures/UPY-C_GEN_24.pdf","0.9mm","Yes","Ceramic","Multilayer Ceramic Capacitors MLCC - SMD/SMT 100nF 50V X7R 10%","603-CC603KPX7R9BB104","Yes","X7R","15%","+125°C","-55°C","0.1","50 V","50 V","","","","","","","","","","","","","","","","","","","","","","","","","","","","","","","","","","","","","","","","","","","","","","","","","","","","","","","","","","","","","","","","","","","","","","","","","","","","","","","","","","","","","","","","","","","","","","","","","","","","","","","","","","","","","","","","","",""
C28 C60 C91 C122 C153 C184 C215 C246 C277 C308 ,10,"CC0603KRX7R6BB224","project:YAGEO-CC0603-0-0-0","http://www.yageo.com/documents/recent/UPY-GPHC_X7R_6.3V-to-50V_18.pdf","","","","","","","","","","","Cap","","","147b81c849cacb0c","YAGEO","0603","","","No","220 nF","Passive Components","Capacitors","Ceramic Capacitors","CAP CER 0.22UF 10V X7R 0603","311-1346-2-ND","http://www.yageo.com/exep/pages/download/literatures/UPY-C_GEN_24.pdf","0.9mm","Yes","Ceramic","Multilayer Ceramic Capacitor, Cc Series, 0.22 - F, - 10%, X7r, 10 V, 0603 [1608 Metric]","603-CC603KRX7R6BB224","Yes","X7R","15%","+125°C","-55°C","0.1","10 V","10 V","","","","","","","","","","","","","","","","","","","","","","","","","","","","","","","","","","","","","","","","","","","","","","","","","","","","","","","","","","","","","","","","","","","","","","","","","","","","","","","","","","","","","","","","","","","","","","","","","","","","","","","","","","","","","","","","","",""
C29 C40 C61 C56 C92 C87 C123 C118 C154 C149 C185 C180 C216 C211 C247 C242 C278 C273 C309 C304 ,20,"CC0603KRX7R7BB105","project:YAGEO-CC0603-0-0-0","http://www.yageo.com/documents/recent/UPY-GPHC_X7R_6.3V-to-50V_18.pdf","","","","","","","","","","","Cap","","","6c798684017dc330","YAGEO","0603","","","No","1 uF","Passive Components","Capacitors","Ceramic Capacitors","CAP CER 1UF 16V X7R 0603","311-1446-2-ND","http://www.yageo.com/exep/pages/download/literatures/UPY-C_GEN_24.pdf","0.9mm","Yes","Ceramic","Multilayer Ceramic Capacitor, CC Series, 1 - F, - 10%, X7R, 16 V, 0603 [1608 Metric]","603-CC603KRX7R7BB105","Yes","X7R","15%","+125°C","-55°C","0.1","16 V","16 V","","","","","","","","","","","","","","","","","","","","","","","","","","","","","","","","","","","","","","","","","","","","","","","","","","","","","","","","","","","","","","","","","","","","","","","","","","","","","","","","","","","","","","","","","","","","","","","","","","","","","","","","","","","","","","","","","",""
C32 C14 C22 C18 C15 C19 C64 C44 C52 C48 C45 C49 C95 C75 C83 C79 C76 C80 C126 C106 C114 C110 C107 C111 C157 C137 C145 C141 C138 C142 C188 C168 C176 C172 C169 C173 C219 C199 C207 C203 C200 C204 C250 C230 C238 C234 C231 C235 C281 C261 C269 C265 C262 C266 C312 C292 C300 C296 C293 C297 C329 C331 C320 C328 C324 C325 ,66,"CC0603MRX5R5BB225","project:YAGEO-CC0603-0-0-0","http://www.yageo.com/documents/recent/UPY-GPHC_X7R_6.3V-to-50V_18.pdf","","","","","","","","","","","Cap","","","d4a18ccc754c13a9","YAGEO","0603","","","No","2.2 uF","Passive Components","Capacitors","Ceramic Capacitors","CAP CER 2.2UF 6.3V X5R 0603","311-1814-2-ND","http://www.yageo.com/exep/pages/download/literatures/UPY-C_GEN_24.pdf","0.9mm","Yes","Ceramic","0603 2.2 uF 6.3 V ±20% Tolerance X5R SMT Multilayer Ceramic Capacitor","603-CC603MRX5R5BB225","Yes","X5R","15%","+125°C","-55°C","0.2","6.3 V","6.3 V","","","","","","","","","","","","","","","","","","","","","","","","","","","","","","","","","","","","","","","","","","","","","","","","","","","","","","","","","","","","","","","","","","","","","","","","","","","","","","","","","","","","","","","","","","","","","","","","","","","","","","","","","","","","","","","","","",""
C33 C16 C24 C20 C17 C21 C65 C46 C54 C50 C47 C51 C96 C77 C85 C81 C78 C82 C127 C108 C116 C112 C109 C113 C158 C139 C147 C143 C140 C144 C189 C170 C178 C174 C171 C175 C220 C201 C209 C205 C202 C206 C251 C232 C240 C236 C233 C237 C282 C263 C271 C267 C264 C268 C313 C294 C302 C298 C295 C299 ,60,"CC0603KRX7R9BB103","project:YAGEO-CC0603-0-0-0","http://www.yageo.com/documents/recent/UPY-GPHC_X7R_6.3V-to-50V_18.pdf","","","","","","","","","","","Cap","","","2a4c50056f7872c7","YAGEO","0603","","","No","10 nF","Passive Components","Capacitors","Ceramic Capacitors","CAP CER 10000PF 50V X7R 0603","311-1085-2-ND","http://www.yageo.com/exep/pages/download/literatures/UPY-C_GEN_24.pdf","0.9mm","Yes","Ceramic","Multilayer Ceramic Capacitor, CC Series, 0.01 - F, - 10%, X7R, 50 V, 0603 [1608 Metric]","603-CC603KRX7R9BB103","Yes","X7R","15%","+125°C","-55°C","0.1","50 V","50 V","","","","","","","","","","","","","","","","","","","","","","","","","","","","","","","","","","","","","","","","","","","","","","","","","","","","","","","","","","","","","","","","","","","","","","","","","","","","","","","","","","","","","","","","","","","","","","","","","","","","","","","","","","","","","","","","","",""
C35 C34 C68 C67 C99 C98 C130 C129 C161 C160 C192 C191 C223 C222 C254 C253 C285 C284 C316 C315 ,20,"C0603C209C5GACTU","project:KEMET-C0603C-CF-0-0-MFG","https://api.kemet.com/component-edge/download/datasheet/C0603C100J5GACAUTO.pdf","","","","","","","","","","","Cap","","","4271a13c665e43de","KEMET","0603","","","Yes","2.0 pF","Passive Components","Capacitors","Ceramic Capacitors","CAP CER 2PF 50V C0G/NP0 0603","399-1047-2-ND","","0.87mm","Yes","Ceramic","Multilayer Ceramic Capacitors MLCC - SMD/SMT 50volts 2.0pF C0G 0.25%","80-C0603C209C5G","Yes","C0G","30ppm/°C","+125°C","-55°C","0.25 pF","","50 V","","","Grade 1","","","","","","","","","","","","","","","","","","","","","","","","","","","","","","","","","","","","","","","","","","","","","","","","","","","","","","","","","","","","","","","","","","","","","","","","","","","","","","","","","","","","","","","","","","","","","","","","","","","","","","","","","","","","","","",""
C36 C37 C31 C30 C69 C70 C63 C62 C100 C101 C94 C93 C131 C132 C125 C124 C162 C163 C156 C155 C193 C194 C187 C186 C224 C225 C218 C217 C255 C256 C249 C248 C286 C287 C280 C279 C317 C318 C311 C310 ,40,"CC0603KRX7R9BB102","project:YAGEO-CC0603-0-0-0","http://www.yageo.com/documents/recent/UPY-GPHC_X7R_6.3V-to-50V_18.pdf","","","","","","","","","","","Cap","","","1aeb194455b4965b","YAGEO","0603","","","No","1.0 nF","Passive Components","Capacitors","Ceramic Capacitors","CAP CER 1000PF 50V X7R 0603","311-1080-2-ND","http://www.yageo.com/exep/pages/download/literatures/UPY-C_GEN_24.pdf","0.9mm","Yes","Ceramic","Multilayer Ceramic Capacitors MLCC - SMD/SMT 1.0nF 50V X7R 10%","603-CC603KRX7R9BB102","Yes","X7R","15%","+125°C","-55°C","0.1","50 V","50 V","","","","","","","","","","","","","","","","","","","","","","","","","","","","","","","","","","","","","","","","","","","","","","","","","","","","","","","","","","","","","","","","","","","","","","","","","","","","","","","","","","","","","","","","","","","","","","","","","","","","","","","","","","","","","","","","","",""
C38 C71 C102 C133 C164 C195 C226 C257 C288 C319 ,10,"CC0603KRX7R9BB181","project:YAGEO-CC0603-0-0-0","http://www.yageo.com/documents/recent/UPY-GPHC_X7R_6.3V-to-50V_18.pdf","","","","","","","","","","","Cap","","","118bd706f38603c6","YAGEO","0603","","","No","180 pF","Passive Components","Capacitors","Ceramic Capacitors","CAP CER 180PF 50V X7R 0603","CC0603KRX7R9BB181-ND","http://www.yageo.com/exep/pages/download/literatures/UPY-C_GEN_24.pdf","0.9mm","Yes","Ceramic","Multilayer Ceramic Capacitors MLCC - SMD/SMT 180pF 50V X7R 10%","603-CC603KRX7R9BB181","Yes","X7R","15%","+125°C","-55°C","0.1","50 V","50 V","","","","","","","","","","","","","","","","","","","","","","","","","","","","","","","","","","","","","","","","","","","","","","","","","","","","","","","","","","","","","","","","","","","","","","","","","","","","","","","","","","","","","","","","","","","","","","","","","","","","","","","","","","","","","","","","","",""
C5 C4 C11 C41 C72 C103 C134 C165 C196 C227 C258 C289 ,12,"CC0805ZKY5V6BB106","project:YAGEO-CC0805-0-0-0","http://www.yageo.com/documents/recent/UPY-GPHC_Y5V_6.3V-to-50V_8.pdf","","","","","","","","","","","Cap","","","852e7d0cf36849be","YAGEO","0805","","","","10uF","","","","CAP CER 10UF 10V Y5V 0805","311-1355-1-ND","","","yes","","Multilayer Ceramic Capacitors MLCC - SMD/SMT 10uF 10V Y5V-20/+80%","603-CC805ZKY5V6BB106","yes","","","+85°C","-30°C","","10V","","","","","","","","","","","","","","","","","","","","","","","","","","","","","","","","","","","","","","","","","","","","","","","","","","","","","","","","","","","","","","","","","","","","","","","","","","","","","","","","","","","","","","","","","","","","","","","","","","","","","","","","","","","","","","","","","","",""
C8 C6 C26 C25 C27 C23 C57 C55 C58 C53 C88 C86 C89 C84 C119 C117 C120 C115 C150 C148 C151 C146 C181 C179 C182 C177 C212 C210 C213 C208 C243 C241 C244 C239 C274 C272 C275 C270 C305 C303 C306 C301 ,42,"CGA3E2C0G1H060D080AA","project:TDK-CGA3E-0.3-0.1-0-0-IPC_A","https://product.tdk.com/info/en/catalog/spec/mlccspec_automotive_general_en.pdf","","","","","","","","","","","Cap","","","9251288ec5c7c3b4","TDK","0603","","","Yes","6pF","Passive Components","Capacitors","Ceramic Capacitors","","","","1.1mm","Yes","Ceramic","","","Yes","C0G","30ppm/°C","+125°C","-55°C","0.5pF","","50V","","","Grade 1","CAPC16080X80","","","","","","","","","","","","","","","","","","","","","","","","","","","","","","","","","","","","","","","","","","","","","","","","","","","","","","","","","","","","","","","","","","","","","","","","","","","","","","","","","","","","","","","","","","","","","","","","","","","","","","","","","","","","","",""
D1 D2 ,2,"BAT54T1G","project:On_Semiconductor-BAT54T1G-Manufacturer_Recommended","http://www.onsemi.cn/pub_link/Collateral/BAT54T1-D.PDF","","Manufacturer URL","http://www.onsemi.com/","","","Package Specification","http://www.onsemi.com/pub_link/Collateral/425-04.PDF","Rev. 9","2-Pin SOD, Body 1.6 x 2.69 mm","Rev. G, 10/2009","Diode","19353990","yes","f50e6730bced61e6","On Semiconductor","SOD-123","1407123099","089F5CB3-91C9-4093-8502-D57A14867F47","","","","","","","","","","","","","","Yes","","","","","","","","","","","","","","","","","","","","","","","","","","","","","Surface Mount","","","","Single","200mA","0.6","Tape and Reel","30V","5","","","","","","","","","","","","","","","","","","","","","","","","","","","","","","","","","","","","","","","","","","","","","","","","","","","","","","","","","","","","","","","","","","","","","","","","","","","","","","","","","","",""
D3 D12 D20 D27 D34 D41 D48 D55 D62 D69 D76 ,11,"LTST-C190TBKT","project:Vishay_Lite-On-LTST-C190TBKT-Manufacturer_Recommended","http://optoelectronics.liteon.com/upload/download/DS-22-99-0224/S_110_LTST-C190TBKT(0630).pdf","","Manufacturer URL","http://www.us.liteon.com/","","","","","Rev. K, 08/2011","2-Pin Surface Mount Device, Body 1.6 x 0.8 mm","","Disp","1545016","yes","01d263fa86e1fb49","Vishay Lite-On","0603","1475043740","6CBC32C1-F554-43EB-9EEA-D4C78589E111","","","","","","","","","","","","","","","","","","","","","","","","","","","","","","","","","","","","","","","","","","","","","","","","20mA","","","","","","","","","","","","","","","","","","","","DFN","Blue","1.1 mm","Serial","3 mm","125 degC","3.6 V","-40 degC","2.1 V","Surface Mount","3.3V","Cut Tape","6","No SVHC","true","3 mm","","","","","","","","","","","","","","","","","","","","","","","","","","","","","","","","","","","","","","","","","","","","","","","","","","","",""
D4 D10 D18 D25 D32 D39 D46 D53 D60 D67 D74 ,11,"LTST-C190KRKT","project:Lite-On-LTST-C190KRKT-MFG","https://optoelectronics.liteon.com/upload/download/DS-22-99-0151/LTST-C190KRKT.pdf","","","","","","","","","","","Diode","","","3c5f6cfddbd1ff06","Lite-On","0603","","","No","","Optoelectronics","LEDs","unset","LED RED CLEAR CHIP SMD","160-1436-1-ND","","0.9mm","Yes","","","859-LTST-C190KRKT","Yes","","","+85°C","-30°C","","","","","","","","","","","","","","","Red","20mA","2.4V","Top View","18-180mcd","639nm","62.5mW","5V","130°","631nm","","","","","","","","","","","","","","","","","","","","","","","","","","","","","","","","","","","","","","","","","","","","","","","","","","","","","","","","","","","","","","","","","","","","","","","","","","","","","","","","","","","","","","","","","","","","",""
D5 D11 D19 D26 D33 D40 D47 D54 D61 D68 D75 D77 D78 ,13,"LTST-C190KGKT","project:Lite-On-LTST-C190KGKT-MFG","https://optoelectronics.liteon.com/upload/download/DS22-2000-074/LTST-C190KGKT.PDF","","","","","","","","","","","Diode","","","4c107ec0dbc12b09","Lite-On","0603","","","No","","Optoelectronics","LEDs","unset","LED GREEN CLEAR CHIP SMD","160-1435-1-ND","","0.9mm","Yes","","","859-LTST-C190KGKT","Yes","","","+85°C","-30°C","","","","","","","","","","","","","","","Green","20mA","2.4V","Top View","18-71mcd","574nm","75mW","5V","130°","576.5nm","","","","","","","","","","","","","","","","","","","","","","","","","","","","","","","","","","","","","","","","","","","","","","","","","","","","","","","","","","","","","","","","","","","","","","","","","","","","","","","","","","","","","","","","","","","","",""
D6 D9 D17 D24 D31 D38 D45 D52 D59 D66 D73 ,11,"LTST-C190KSKT","project:Lite-On-LTST-C190KSKT-MFG","https://optoelectronics.liteon.com/upload/download/DS-22-99-0189/LTST-C190KSKT.pdf","","","","","","","","","","","Diode","","","d70eef253d640e08","Lite-On","0603","","","No","","Optoelectronics","LEDs","unset","LED YELLOW CLEAR CHIP SMD","160-1437-1-ND","","0.9mm","Yes","","","859-LTST-C190KSKT","Yes","","","+85°C","-30°C","","","","","","","","","","","","","","","Yellow","20mA","2.4V","Top View","28-180mcd","588nm","75mW","5V","130°","597nm","","","","","","","","","","","","","","","","","","","","","","","","","","","","","","","","","","","","","","","","","","","","","","","","","","","","","","","","","","","","","","","","","","","","","","","","","","","","","","","","","","","","","","","","","","","","",""
D8 D7 D15 D14 D22 D21 D29 D28 D36 D35 D43 D42 D50 D49 D57 D56 D64 D63 D71 D70 ,20,"BAS40-7-F","project:Diodes_Inc.-SOT23-01_2017-0-MFG","https://www.diodes.com/assets/Datasheets/ds11006.pdf","","","","","","","","","","","Diode","","","c4a7d7c409903337","Diodes Inc.","SOT23","","","Yes","4pF","Discrete Semiconductors","Diodes","Schottky Diodes","DIODE SCHOTTKY 40V 200MA SOT23-3","BAS40-FDICT-ND","https://www.diodes.com/assets/Package-Files/SOT23.pdf","1.1mm","Yes","","Schottky Diodes & Rectifiers 40V 350mW","621-BAS40-F","Yes","","","+125°C","-55°C","","","","","","Grade 1","","","","","","","","0.013mm","","200mA","","","","","","40V","","","","","","","","","","","","","","","","","","","","","","","","","","","","","","","","","","","","","","","","","","","","","","","","","","","","","","","","","","","","+125°C","","","","","","","","","","","","","","","","","","40V","600mA","0.2uA","","","","","","","","","","","","","","",""
FID1 FID2 FID3 ,3,"fiducial","Fiducials:Fiducial_1mm_Dia_2.54mm_Outer_CopperTop",""
J1 ,1,"PJ-002AH","project:CUI_PJ-002AH","https://www.cui.com/product/resource/pj-002ah.pdf","","","","","","","","","","","Conn","","","9faf6f1e7549c614","CUI","CONN_PWR_JACK","","","","","Connectors","Power Connectors","unset","CONN PWR JACK 2X5.5MM SOLDER","CP-002AH-ND","","11.2mm","yes","","DC Power Connectors Power Jacks","490-PJ-002AH","yes","","","+85°C","-25°C","","","24V","","","","","","","","","","","","","","","","","","","","","","","","","","","","","","","","","","","","","","","Silver","5A","","","2","","","","","","","","","","","","","","","","","","","","","","","","","","","","","","","","","","","","","","","","","","","","","","","","","","","","","","","","","","","","","","","","","","","","","","",""
J2 ,1,"475890001","project:Molex-475890001-MFG","https://www.molex.com/pdm_docs/ps/PS-47589-001-001.pdf","","","","","","","","","","","Conn","","","35c17e53108c3912","Molex","CONN_USB_8MM2_5MM6","","","No","","Connectors","USB Connectors","unset","CONN RCPT MICRO USB AB 5P SMD RA","WM17143CT-ND","https://www.molex.com/pdm_docs/sd/475890001_sd.pdf","2.86mm","Yes","","","538-47589-0001","Yes","","","+85°C","-30°C","","","30V","","","","","","","","","","","","","","","","","","","","","","","","","","","","","","","","","","","","","","","Gold,Nickel","1/1.8A","yes","yes","5","0.65mm","true","USB 2.0","","","","","","","","","","","","","","","","","","","","","","","","","","","","","","","","","","","","","","","","","","","","","","","","","","","","","","","","","","","","","","","","","","","",""
J3 J6 J10 J13 J16 J19 J22 J25 J28 J31 J34 J37 ,12,"Conn_02x03_Odd_Even","Pin_Headers:Pin_Header_Straight_2x03_Pitch2.54mm","~"
J4 J9 J7 J11 J14 J17 J20 J23 J26 J29 J32 J35 J38 J39 ,14,"SSW-104-01-T-S","project:Samtec-SSW-104-01-T-S-Manufacturer_Recommended","http://www.samtec.com/documents/webfiles/pdf/SLW.PDF","","Manufacturer URL","http://www.samtec.com","","","Package Specification","http://www.samtec.com/documents/webfiles/cpdf/SLW-1XX-01-X-X-MKT.pdf","F-214","Low Profile Socket Strip","X, 9/1987","Conn","349254","yes","e244508a65ae41fc","Samtec","SSW-104-01-X-S","1404374325","3E9B3488-2A9B-444C-BFB7-BA4271584146","","","","","","","","","","","","","","","","","","","","","","","","","","","","","","","","","","","","","","","","","","","Through-hole","Vertical","2.54 mm","-55 to 105 degC","","","","","","","","","","","","","","","","","","","","","","","","","","","","","","","","","","","","","","","","","","","","","","","","","","","","","","","","","","","","","","","","","","","","","","","","","","","","","","","","","","","","","","","","",""
J5 ,1,"SSW-106-02-T-S","project:Samtec-SSW-106-02-T-S-Manufacturer_Recommended","http://www.samtec.com/documents/webfiles/pdf/SSW_TH.PDF","","Manufacturer URL","http://www.samtec.com","","","Package Specification","http://www.samtec.com/documents/webfiles/cpdf/SSW-1XX-XX-XXX-X-XX-XXX-XX-MKT.pdf","F-214","Assembly, Socket Strip .016 X .031 Tail","CA, 6/1987","Conn","679223","yes","68252b6a81f3dbac","Samtec","SSW-106-02-X-S","1404374511","515F7714-EB50-4157-8AB6-9F808CB470BE","","","","","","","","","","","","","","","","","","","","","","","","","","","","","","","","","","","","","","","","","","","Through-hole","Vertical","2.54 mm","-55 to 105 degC","","","","","","","","","","","","","","","","","","","","","","","","","","","","","","","","","","","","","","","","","","","","","","","","","","","","","","","","","","","","","","","","","","","","","","","","","","","","","","","","","","","","","","","","",""
J8 J12 J15 J18 J21 J24 J27 J30 J33 J36 ,10,"SSW-102-01-T-S","project:Samtec-SSW-102-01-T-S-Manufacturer_Recommended","http://www.samtec.com/documents/webfiles/pdf/SLW.PDF","","Manufacturer URL","http://www.samtec.com","","","Package Specification","http://www.samtec.com/documents/webfiles/cpdf/SLW-1XX-01-X-X-MKT.pdf","F-214","Low Profile Socket Strip","X, 9/1987","Conn","349239","yes","97f31bfa5e778d3a","Samtec","SSW-102-01-X-S","1404374322","FDE8A73C-755C-42A3-8DB0-EB605DA0F6D5","","","","","","","","","","","","","","","","","","","","","","","","","","","","","","","","","","","","","","","","","","","Through-hole","Vertical","2.54 mm","-55 to 105 degC","","","","","","","","","","","","","","","","","","","","","","","","","","","","","","","","","","","","","","","","","","","","","","","","","","","","","","","","","","","","","","","","","","","","","","","","","","","","","","","","","","","","","","","","",""
L1 L2 L3 L4 L5 L6 L7 L8 L9 L10 L11 L12 L13 L14 L15 L16 L17 L18 L19 L20 ,20,"MLJ1608WR27JT000","project:INDC1608X95N","","","","","","","","","","","","","","","","","","","","","","","","","","","","","","","","","","","","","","","","","","","","","","","","","","","","","","","","","","","","","","","","","","","550mA","","","","","","","","","","","","","","","","","","","","","","","","","","","","","","","","","","","","","","","","","","","","","","","","","","","","","","","","","","","","","","","","","","","270nH","0603","260MHz","","","","","","","","","","","","","","","","","",""
MT4 MT3 MT2 MT1 ,4,"Mount Hole M3","Mounting_Holes:MountingHole_3.2mm_M3","~"
Q5 Q4 Q1 Q2 Q3 Q20 Q17 Q18 Q15 Q19 Q16 Q8 Q6 Q9 Q7 Q10 Q12 Q13 ,18,"BSS138","project:ON_Semiconductor-318-08-01_2018-AS-MFG","https://www.onsemi.com/pub/Collateral/BSS138-D.PDF","","","","","","","","","","","Trans","","","3f36dc230686dcb0","ON Semiconductor","SOT23-3","","","No","","Discrete Semiconductors","Transistors","MOSFETs","MOSFET N-CH 50V 220MA SOT-23","BSS138CT-ND","https://www.onsemi.com/pub/Collateral/318-08.PDF","1.11mm","Yes","","N-Channel Logic Level Enhancement Mode Field Effect Transistor, 50V, 220mA","512-BSS138","Yes","","","+150°C","-55°C","","","","","","","","","","","","","","0.01mm","","","","","","","0.36W","","","","","","","","","","","","","","","","","","","","","","","","","","","","","","","","","","","","","","","","","","","","","","","","","","","","0.22A","False","50V","0.7Ω","50V","1.7nC @ 10V","20V","27pF @ 25V","1.4V","+150°C","1","1","0.88A","350°C/W","1.5V","0.8V","0.5S","20ns","2.5ns","0.8V","","","","","","","","","","","","","","","","","","","","","","","","",""
R1 R14 R15 R10 R13 R18 R19 R17 R20 R21 R22 R23 R25 R31 R32 R35 R36 R38 R44 R45 R48 R49 R51 R57 R58 R61 R62 R64 R70 R71 R74 R75 R77 R83 R84 R87 R88 R90 R96 R97 R100 R101 R103 R109 R110 R113 R114 R116 R122 R123 R126 R127 R129 R135 R136 R139 R140 R142 R150 R152 R153 R148 ,62,"RC0603FR-0710KL","project:Yageo-RC0603-0-0-IPC_A","http://www.yageo.com/documents/recent/PYu-RC_Group_51_RoHS_L_9.pdf","","","","","","","","","","","Res","","","368bdb3a487a5469","Yageo","0603","","","","","Passive Components","Resistors","Chip SMD Resistors","RES SMD 10K OHM 1% 1/10W 0603","311-10.0KHRTR-ND","","0.5mm","yes","","Surface Mount Thick Film Resistor, RC Series, 10 kohm, 100 mW, - 1%, 50 V, 0603 [1608 Metric]","603-RC0603FR-0710KL","yes","","100ppm/°C","+155°C","-55°C","1%","75V","75V","","","","RESC15585X45","541-1.00HHCT-ND","Thick Film","100mW","0.1W","10kΩ","RC","0mm","","","","","","","","","","","","","","","","","","","","","","","","","","","","","","","","","","","","","","","","","","","","","","","","","","","","","","","","","","","","","","","","","","","","","","","","","","","","","","","","","","","","","","","","","","","","","","","","","","","","","","",""
R16 ,1,"RL2512FK-070R1L","project:YAGEO-RL2512-02_2018-10-MFG","http://www.yageo.com/documents/recent/PYu-RL_Group_521_RoHS_L_2.pdf","","","","","","","","","","","Res","","","15048a7efe84bced","YAGEO","2512","","","Yes","","Passive Components","Resistors","Chip SMD Resistors","RES 0.1 OHM 1% 1W 2512","311-0.1TCT-ND","http://www.yageo.com/exep/pages/download/literatures/PYu-R_Mount_10.pdf","0.65mm","Yes","","Current Sense Resistors 0.1ohm 1% 1W","603-RL252FK070R1L","Yes","","600ppm/°C","+155°C","-55°C","1%","","","","","Grade 0","RESC635320X55","","Thick Film","","1W","100mΩ","RL","","","","","","","","","","","","","","","","","","","","","","","","","","","","","","","","","","","","","","","","","","","","","","","","","","","","","","","","","","","","","","","","","","","","","","","","","","","","","","","","","","","","","","","","","","","","","","","","","","","","","","","",""
R3 R4 R5 R9 R8 R2 R11 R12 R27 R28 R29 R30 R24 R6 R40 R41 R42 R43 R37 R33 R53 R54 R55 R56 R50 R46 R66 R67 R68 R69 R63 R59 R79 R80 R81 R82 R76 R72 R92 R93 R94 R95 R89 R85 R105 R106 R107 R108 R102 R98 R118 R119 R120 R121 R115 R111 R131 R132 R133 R134 R128 R124 R144 R145 R146 R147 R141 R137 R160 R163 R158 R161 R159 R162 R149 R151 R154 R155 ,78,"RC0603FR-071K65L","project:Yageo-RC0603-0-0-IPC_A","http://www.yageo.com/documents/recent/PYu-RC_Group_51_RoHS_L_9.pdf","","","","","","","","","","","Res","","","ce4140018ac48837","Yageo","0603","","","","","Passive Components","Resistors","Chip SMD Resistors","RES SMD 1.65K OHM 1% 1/10W 0603","311-1.65KHRTR-ND","","0.5mm","yes","","Thick Film Resistors - SMD 1.65K OHM 1%\n","603-RC0603FR-071K65L","yes","","100ppm/°C","+155°C","-55°C","1%","75V","75V","","","","RESC15585X45","541-1.00HHCT-ND","Thick Film","100mW","0.1W","1.65kΩ","RC","0mm","","","","","","","","","","","","","","","","","","","","","","","","","","","","","","","","","","","","","","","","","","","","","","","","","","","","","","","","","","","","","","","","","","","","","","","","","","","","","","","","","","","","","","","","","","","","","","","","","","","","","","",""
SW1 SW2 ,2,"FSM2JSMAA","project:TE_Connectivity-FSM2JSMAA-MFG","https://www.te.com/commerce/DocumentDelivery/DDEController?Action=showdoc&DocId=Customer+Drawing%7F2-1437565-7%7FV%7Fpdf%7FEnglish%7FENG_CD_2-1437565-7_V.pdf%7F2-1437565-8","","","","","","","","","","","Switch","","","7458e20eae944245","TE Connectivity","SMT_SW_6MM00_6MM00","","","No","","Electromechanical","Switches","Pushbutton Switches","SWITCH TACTILE SPST-NO 0.05A 24V","450-3355-ND","","4.59mm","Yes","","Tactile Switch 260G","506-2-1437565-8","Yes","","","+85°C","-35°C","","","","","","","","","","","","","","0.05mm","","","","","","","","","","","","","","","","","","","","","","","","","","","","","","","","","","","","","","","","","","","","","","","","","","","","50mA","100mΩ","100000Cycles","Surface Mount","260gf","SPST-NO","24V","","","","","","","","","","","","","","","","","","","","","","","","","","","","","","","","","","","","","","","","","","","","",""
U1 U4 U6 U8 U10 U12 U14 U16 U18 U20 U22 ,11,"ATMEGA328P-MU","project:Microchip___Atmel-ATMEGA328P-MU-Level_A","","MO-220-VHHD-2","Manufacturer URL","http://www.atmel.com/","ATmega48A/48PA/88A/88PA/168A/168PA/328/328P Datasheet","http://www.atmel.com/dyn/resources/prod_documents/8271.pdf","ATmega48A/48PA/88A/88PA/168A/168PA/328/328P Summary","http://www.atmel.com/dyn/resources/prod_documents/8271S.pdf","revD, May-2011","32-Pin Micro Lead Frame Package (MLF),  5 x 5 x 1.0 mm Body, Pitch 0.50 mm, 3.10mm Exposed Pad","revE, May-2006","IC","973187","yes","7d83c92a723a3371","Microchip / Atmel","QFN-32","1329192673","417A53D3-7F28-4C25-88A7-47DF99564268","","","","","","","","","","","","","","","","","","","","","","","","","","","","","","","","","","","","","","","","","","","","","","","","","","","","","","","","","","","","","","","","","","","","","","","","","","","","","","","","","","","","","","","","","","","","","","","","","","","","","","","","","","","","","","","","","","","","","","","","","","","","","","","","","","","","","","",""
U2 ,1,"FT231XQ-R","project:FTDI-QFN-20-0-0-MFG","https://www.ftdichip.com/Support/Documents/DataSheets/ICs/DS_FT231X.pdf","","","","","","","","","","","IC","","","d3944f6512027fdf","FTDI","QFN20","","","No","","Integrated Circuits (ICs)","Interface ICs","Controllers","IC USB SERIAL FULL UART 20QFN","768-1128-1-ND","https://www.ftdichip.com/Support/Documents/TechnicalNotes/TN_166%20FTDI%20Example%20IC%20PCB%20Footprints.pdf","0.8mm","Yes","","","895-FT231XQ-R","Yes","","","+85°C","-40°C","","","","","","","QFN50P400X400X75-20","","","","","","","0mm","","","","","","","","","","","","","","","","","","","","","+85°C","-40°C","USB to UART","UART,USB","5.5V","1.62V","125-8000uA","","","","","","","","","","","","","","","","","","","","","","","","","","","","","","","","","","","","","","","","","","","","","","","","","","","","","","","","","","","","","","","","","","","","","","","","","","","",""
U24 ,1,"INA219AIDCNR","project:Texas_Instruments-DCN0008A-0-0-MFG","https://www.ti.com/lit/ds/symlink/ina219.pdf?ts=1599696930953&ref_url=https%253A%252F%252Fwww.ti.com%252Fstore%252Fti%252Fen%252Fp%252Fproduct%252F%253Fp%253DINA219AIDCNR%2526keyMatch%253DINA219AIDCNR%2526tisearch%253DSearch-EN-everything%2526usecase%253DOPN","","","","","","","","","","","IC","","","d9964224a5575dbc","Texas Instruments","SOT23-8","","","No","","Integrated Circuits (ICs)","Power Management ICs","unset","IC CURRENT MONITOR 1% SOT23-8","296-23770-1-ND","","1.45mm","Yes","","","595-INA219AIDCNR","Yes","","","+125°C","-40°C","","","","","","","","","","","","","","0mm","","","","","","","","","","","","","","","","","","","","","+85°C","-25°C","","","5.5V","3V","0.7mA","","","","","","","","","","","","","","","","","","","","","","","","","","","","","","","","","","","","","","","","","+150°C","","","","","","","","","","","1","10mA","","","","","","","","","","","","","","","","","","","","","","",""
U25 ,1,"LP3985IM5X-2.8_NOPB","project:TI_National_Semiconductor-LP3985IM5X-2.8_NOPB-Level_A","","","LP3985 Datasheet","http://www.national.com/ds/LP/LP3985.pdf","LP3985 Web Page","http://www.national.com/pf/LP/LP3985.html","MF05A Package Page","http://www.national.com/packaging/folders/mf05a.html","Aug-2005","Molded SOT-23, .115 x .063 x .040 in Body, 5 Lead, .0375 in Pitch","revD, Aug-2008","IC","1508621","yes","bb9987ab42f2117d","TI National Semiconductor","SOT-23-5","1308101124","CB05A474-27DF-4319-B878-CE20F2FC7E9E","","","","","","","","","","","","","","Yes","","","","","","","","","","","","","","","","","","","","","","","","","","","","","","","","","","","","","","","","","","","","","","","","","","","","","","","","","","","","","","","","","","","","","","","","","","","","","","","","","","","","","","","","","","","","","","","","","","","","","","","","","","","","","","","","","","","","","","LDO IC","LCJB*XTT","5","N"
U26 ,1,"LP3985IM5X-3.3_NOPB","project:TI_National_Semiconductor-LP3985IM5X-3.3_NOPB-Level_A","","","LP3985 Datasheet","http://www.national.com/ds/LP/LP3985.pdf","LP3985 Web Page","http://www.national.com/pf/LP/LP3985.html","MF05A Package Page","http://www.national.com/packaging/folders/mf05a.html","Aug-2005","Molded SOT-23, .115 x .063 x .040 in Body, 5 Lead, .0375 in Pitch","revD, Aug-2008","IC","1508623","yes","93f2042cc49aca16","TI National Semiconductor","SOT-23-5","1308101126","94AD9BB4-1EB8-4550-B313-F899CF9C4885","","","","","","","","","","","","","","Yes","","","","","","","","","","","","","","","","","","","","","","","","","","","","","","","","","","","","","","","","","","","","","","","","","","","","","","","","","","","","","","","","","","","","","","","","","","","","","","","","","","","","","","","","","","","","","","","","","","","","","","","","","","","","","","","","","","","","","","LDO IC","LDQB*XTT","5","N"
U3 ,1,"Si5351A-B-GM","project:Silicon_Labs-Si5351A-B-GM-Level_A","http://www.silabs.com/Support%20Documents/TechnicalDocs/Si5351.pdf","MO-220","Manufacturer URL","http://www.silabs.com/","","","Package Specification","http://www.silabs.com/Support%20Documents/TechnicalDocs/Si5351.pdf","Rev. 0.95","20-Pin Quad-Flat No-Leads Package, Body 4 x 4 mm, Pitch 0.5 mm","","IC","4386444","yes","94dbc972997910aa","Silicon Labs","QFN-20","1382511475","D7A7B2FA-AF5F-4168-9E2B-FBA693861CC4","","","","","","","","","","","","","","","","","","","","","","","","","","","","","","","","","","","","","","","","","","","Surface Mount","","","","","","","","","","","","","","","","","","","","","","","","","","","","","","","","","","","","","","","","","","","","","","","","","","","","","","","","","","","","","","","","","","","","","","","","","","","","","","J-STD-020","LVCMOS","0.008 to 160","1","Clock Generators","2.5 V; 3.3 V","","","","","","","","",""
U5 U7 U9 U11 U13 U15 U17 U19 U21 U23 ,10,"ST25R3916-AQWT","project:STMicroelectronics-VFQFPN32-B04R-0-1-IPC_A","https://www.st.com/content/st_com/en/products/nfc/st25-nfc-rfid-tags-readers/st25-nfc-rfid-readers/st25r3916.html#resource","","","","","","","","","","","IC","","","80ef14bff18074aa","STMicroelectronics","VFQFPN32","","","No","","Integrated Circuits (ICs)","RF Semiconductors and Devices","Transceivers","IC RFID READER/TRANSP 32VFQFN","497-18366-1-ND","","1mm","Yes","","","511-ST25R3916-AQWT","Yes","","","+125°C","-40°C","","","","","","","QFN50P500X500X90-32","","","","","","","0mm","","","","","","","","","","","","","","","","","","","","","","","","I2C,SPI,Other","5.5V","1.65V","1.8-20uA","","","","","","","","","","","","","","","","","","","","","","","","","","","","","","","","","","","","","","","","","+125°C","","","","","","","","","","","","","848kbits/s","13.56MHz","","","","","","","","","","","","","","","","","","","","",""
UED1 UED2 ,2,"VL6180XV0NR_1","project:STMicroelectronics-VL6180XV0NR_1-MFG","https://www.st.com/resource/en/datasheet/vl6180x.pdf","","","","","","","","","","","IC","","","974cf57bfc173836","STMicroelectronics","LGA12","","","No","","Sensors","Proximity Sensors","unset","SENSOR OPT AMBIENT 12SMD","497-14702-1-ND","","1.1mm","Yes","","","511-VL6180XV0NR/1","Yes","","","+70°C","-20°C","","","","","","","","","","","","","","","","","","","","","","","","","","","","","","","","","","","","","","","3V","2.6V","","","","","","","","","","","","","","","","","","","","","","","","","","","","","","","","","","","","","","","","","","","","","","","","","","","","","","","","","","","","","","","","","","","","","400kHz","1.7mA","0-100mm","Optical","I2C","","","",""
Y1 Y3 Y32 Y8 Y11 Y14 Y17 Y20 Y23 Y26 Y29 ,11,"TSX-3225_16.0000MF09Z-AC3","project:Epson-TSX-3225_16.0000MF09Z-AC3-0","https://support.epson.biz/td/api/doc_check.php?dl=brief_FA-238V_en.pdf","","","","","","","","","","","Crys","","","36bb9251123dabb2","Epson","XTAL_SMD_3MM2_2MM5","","","","","","","","16MHz ±10ppm Crystal 9pF 60 Ohms 4-SMD, No Lead","SER3628CT-ND","","","yes","","","732-TX325-16F09Z-AC3","yes","","","+75°C","-20°C","","","","9pF","16MHz","","","","","","","","","","","","","","","","","","","","","","","","","","","","","","","","","","","","","","","","","","","","","","","","","","","","","","","","","","","","","","","","","","","","","","","","","","","","","","","","","","","","","","","","","","","","","","","","","","","","","","","","","","","","","","","",""
Y2 ,1,"ABM8G-25.000MHz-B4Y-T","project:Abracon-ABM8G-25.000MHz-B4Y-T-0","http://www.abracon.com/Resonators/ABM8G.pdf","","","","","","","","","","","Crys","","","56785623d8bc8343","Abracon","XTAL_SMT_3MM2_2MM5","","","","","","","","CRYSTAL 25.0000MHZ 10PF SMD","535-10297-1-ND","","","yes","","","815-ABM8G-25-B4Y-T","yes","","","+70°C","-20°C","","","","","","","","","","","","","","","","","","","","","","","","","","","","","","","","","","","","","","","","","","","","","","","","","","","","","","","","","","","","","","","","","","","","","","","","","","","","","","","","","","","","","","","","","","","","","","","","","","","","","","","","","","","","","","","","","","","","",""
Y4 Y6 Y9 Y12 Y15 Y18 Y21 Y24 Y27 Y30 ,10,"Coil_49_18_6T_2Layer","project:Coil_49_18_6T_2Layer",""
Y5 Y7 Y10 Y13 Y16 Y19 Y22 Y25 Y28 Y31 ,10,"Field_Sensor_54_22","project:Field_Sensor_54_22",""